{
  "name": "Lion-chan",
  "color": "#ff0000",
  "likes": ["pearl", "ruby"],
  "dialogues": {
    "first-greeting": [
      {
        "speaker": "Lion-chan",
        "sprite": "lion-neutral",
        "text": "Oh? A surface-dweller wandering this deep? You're either brave or foolish.",
        "enter-dialogue": "greeting2",
        "options": [
          {
            "text": "Maybe both. Who are you?",
            "score": 2,
            "next": "intro1"
          },
          {
            "text": "I'm just exploring. Why? Who are you?",
            "score": 1,
            "next": "intro1"
          },
          {
            "text": "Should I be scared?",
            "score": 0,
            "next": "explain1"
          }
        ]
      }
    ],
    "greeting2": [
      {
        "speaker": "Lion-chan",
        "sprite": "lion-neutral",
        "text": "Oh... It's you again.",
        "options": [
          {
            "text": "Who are you?",
            "score": 2,
            "next": "intro1"
          },
          {
            "text": "Am I in danger?",
            "score": 0,
            "next": "explain1"
          }
        ]
      }
    ],
    "explain1": [
      {
        "speaker": "Lion-chan",
        "sprite": "lion-neutral",
        "text": "These waters have many branching paths. Those unfamiliar don't tend to last long."
      },
      {
        "speaker": "Lion-chan",
        "sprite": "lion-neutral",
        "text": "Without a proper guide you'll likely parish if you dare explore to far."
      },
      {
        "speaker": "Lion-chan",
        "sprite": "lion-neutral",
        "text": "You'd stay put if you know whats best for you.",
        "options": [
          {
            "text": "Who are you?",
            "score": 0,
            "next": "intro1"
          },
          {
            "text": "It can't be that bad if cute fish like you are down here.",
            "score": 0,
            "next": "fluster1"
          }
        ]
      }
    ],
    "intro1": [
      {
        "speaker": "Lion-chan",
        "sprite": "lion-neutral",
        "text": "They call me the Lion-chan… but names don't matter much down here.",
        "options": [
          {
            "text": "I think Lion-chan is a beautiful name.",
            "score": 2,
            "next": "fluster1"
          },
          {
            "text": "Lion-chan suits you.",
            "score": 1,
            "next": "fluster1"
          }
        ]
      }
    ],
    "fluster1": [
      {
        "speaker": "Lion-chan",
        "sprite": "lion-blush",
        "text": "W-what?@ Don't say things like that so easily… it's embarrassing.",
        "options": [
          {
            "text": "Did I make you blush?",
            "score": 3,
            "next": "tease2"
          },
          {
            "text": "Sorry, I didn't mean to.",
            "score": 1,
            "next": "soft1"
          },
          {
            "text": "Heh. You're cute when you're flustered.",
            "score": 4,
            "next": "tease3"
          }
        ]
      }
    ],
    "soft1": [
      {
        "speaker": "Lion-chan",
        "sprite": "lion-upset",
        "text": "Well you better watch what you say, ok!"
      },
      {
        "speaker": "Lion-chan",
        "sprite": "lion-blush",
        "text": "...You cant just say things like that.",
        "options": [
          {
            "text": "Can you help me find my way around here?",
            "score": -2,
            "next": "norizz1"
          }
        ]
      }
    ],
    "norizz1": [
      {
        "speaker": "Lion-chan",
        "sprite": "lion-upset",
        "text": "W-what?@ I barely know you.@ What do I look like to you? some sort of tour guide?"
      },
      {
        "speaker": "Lion-chan",
        "sprite": "lion-neutral",
        "text": "I'm not just going to stand around giving directions all day. I've got better things to do then wast anymore time no you.@ Get lost."
      }
    ],
    "tease2": [
      {
        "speaker": "Lion-chan",
        "sprite": "lion-blush",
        "text": "N-no! Fish don't blush!@ It's just… the reflection of the coral, okay?",
        "options": [
          {
            "text": "If you say so, coral cheeks.",
            "score": 4,
            "next": "bond1"
          },
          {
            "text": "Alright, alright. Coral reflection. Got it.",
            "score": 2,
            "next": "bond1"
          }
        ]
      }
    ],
    "tease3": [
      {
        "speaker": "Lion-chan",
        "sprite": "lion-flustered",
        "text": "C-cute...@ How can you say something like that?@ I'm not flustered!!!",
        "options": [
          {
            "text": "Alright, alright. not flustered. Got it.",
            "score": 2,
            "next": "bond1"
          }
        ]
      }
    ],
    "bond1": [
      {
        "speaker": "Lion-chan",
        "sprite": "lion-flustered",
        "text": "Hmph. You're insufferable… but maybe not entirely unpleasant.",
        "options": [
          {
            "text": "I'll take that as a compliment.",
            "score": 3,
            "next": "introhint"
          },
          {
            "text": "Coming from you, that's high praise.",
            "score": 2,
            "next": "introhint"
          }
        ]
      }
    ],
    "introhint": [
      {
        "speaker": "Lion-chan",
        "sprite": "lion-neutral",
        "text": "You keep talking about compliments. Do you think words are all it takes to impress me?",
        "options": [
          {
            "text": "Then what *does* impress you?",
            "score": 2,
            "next": "{likes}hint"
          },
          {
            "text": "I bet I could find something shiny enough to change your mind.",
            "score": 4,
            "next": "{likes}hint"
          }
        ]
      }
    ],
    "pearlhint": [
      {
        "speaker": "Lion-chan",
        "sprite": "lion-neutral",
        "text": "Shiny things... maybe@ ...N-not that I care about that sort of thing.@ Maybe those white shiny balls on the sea floor.@ But only because they reflect the moonlight nicely. That's all!",
        "options": [
          {
            "text": "oh so you do have a thing for valuables I see",
            "score": 4,
            "next": "fluster2"
          },
          {
            "text": "I guess I'll just have to fine one for you. ;)",
            "score": 3,
            "next": "soft2"
          }
        ]
      }
    ],
    "rubyhint": [
      {
        "speaker": "Lion-chan",
        "sprite": "lion-neutral",
        "text": "Shiny things... maybe@ ...N-not that I care about that sort of thing.@ Maybe...@ Those red jewels...@ But only because there reflective red glow goes nicely with my fins. That's all!",
        "options": [
          {
            "text": "Oh so you do have a thing for valuables I see",
            "score": 4,
            "next": "fluster2"
          },
          {
            "text": "I guess I'll just have to fine one for you. ;)",
            "score": 3,
            "next": "soft2"
          }
        ]
      }
    ],
    "soft2": [
      {
        "speaker": "Lion-chan",
        "sprite": "lion-neutral",
        "text": "Don't think you can charm me with shiny talk, surface-dweller. I'm not that easy."
      },
      {
        "speaker": "Lion-chan",
        "sprite": "lion-flustered",
        "text": "But… keep talking like that, and I might start to believe you mean it.",
        "options": [
          {
            "text": "Maybe you like me more than you think.",
            "score": 5,
            "next": "ending-hint"
          }
        ]
      }
    ],
    "fluster2": [
      {
        "speaker": "Lion-chan",
        "sprite": "lion-upset",
        "text": "I-I didn't say that! Stop twisting my words! It's not like I like you or your dumb gifts or anything!",
        "options": [
          {
            "text": "Sure, sure. Totally not.",
            "score": 4,
            "next": "bond2"
          }
        ]
      }
    ],
    "bond2": [
      {
        "speaker": "Lion-chan",
        "sprite": "lion-eyeroll",
        "text": "You're impossible… maybe that's why I can't stop talking to you.",
        "options": [
          {
            "text": "Maybe you like me more than you think.",
            "score": 5,
            "next": "ending-hint"
          },
          {
            "text": "That sounds like a compliment.",
            "score": 3,
            "next": "ending-hint"
          }
        ]
      }
    ],
    "ending-hint": [
      {
        "speaker": "Lion-chan",
        "sprite": "lion-flustered",
        "text": "Hmph. Don't get cocky.@ Bring me something that I like, and *maybe* I'll help you get around…"
      }
    ],
    "done": [
      {
        "speaker": "Lionfish",
        "sprite": "lion-neutral",
        "text": "What do you want now?"
      }
    ]
  }
}