{
  "name": "{player}",
  "color": "#0d0d1a",
  "dialogues": {
    "dark-entry": [
      {
        "speaker": "{player}",
        "text": "You step into the dark...@ the water grows colder.@ Even your heartbeat sounds distant.",
        "options": [
          {
            "text": "Keep moving forward.",
            "score": 0,
            "next": "dark-deeper"
          },
          {
            "text": "Turn back.",
            "score": 0,
            "next": "dark-turnback"
          }
        ]
      }
    ],
    "dark-deeper": [
      {
        "speaker": "{player}",
        "text": "No light follows you.@ The world folds into ink.@ Something stirs—close, slow, and hungry.",
        "options": [
          {
            "text": "Call out.",
            "score": 0,
            "next": "dark-end1"
          },
          {
            "text": "Swim faster!",
            "score": 0,
            "next": "dark-end2"
          }
        ]
      }
    ],
    "dark-turnback": [
      {
        "speaker": "{player}",
        "text": "You try to turn around, but the dark presses tighter.@ The current doesn't care which way you swim.",
        "options": [
          {
            "text": "Fight it.",
            "score": 0,
            "next": "dark-end2"
          },
          {
            "text": "Close your eyes.",
            "score": 0,
            "next": "dark-end1"
          }
        ]
      }
    ],
    "dark-end1": [
      {
        "speaker": "{player}",
        "text": "A whisper brushes past your ear:@ \"No flame... no glow... you were not ready.\""
      },
      {
        "speaker": "{player}",
        "text": "Something cold coils around your wrist.@ You don't feel fear—only stillness.@ Then nothing."
      },
      {
        "speaker": "{player}",
        "text": "[You were lost to the dark. Find a glowing item before entering again.]",
        "event": "death"
      }
    ],
    "dark-end2": [
      {
        "speaker": "{player}",
        "text": "You swim until the pressure crushes thought.@ The dark doesn't swallow you—it just forgets you ever were."
      },
      {
        "speaker": "{player}",
        "text": "[The depths consume you. You need a light to survive here.]",
        "event": "death"
      }
    ]
  }
}
